"EPC","DopplerShift(Hz)","Time","Antenna","TxPower","Frequency(MHz)","RSS(dbm)","PhaseAngle(Radian)","PhaseAngle(Degree)",""
"AAAA ABCD ABCD ABCD ABCD E019","1.19","1414133525645207","1","0","924.375","-66.5","1.50330117212793","86.1328125",""
"AAAA ABCD ABCD ABCD ABCD E019","-3.19","1414133525670176","1","0","924.375","-67.5","1.53398078788564","87.890625",""
"AAAA ABCD ABCD ABCD ABCD E019","-1.19","1414133525698903","1","0","924.375","-68","4.59580644050538","263.3203125",""
"AAAA ABCD ABCD ABCD ABCD E019","3.50","1414133525727697","1","0","924.375","-68","4.49149574692916","257.34375",""
"AAAA ABCD ABCD ABCD ABCD E019","0.25","1414133525747933","1","0","924.375","-67.5","1.3989904785517","80.15625",""
"AAAA ABCD ABCD ABCD ABCD E019","0.25","1414133525778099","1","0","924.375","-66","1.49102932582484","85.4296875",""
"AAAA ABCD ABCD ABCD ABCD E019","0.00","1414133525810835","1","0","924.375","-64.5","1.66283517406803","95.2734375",""
"AAAA ABCD ABCD ABCD ABCD E019","1.19","1414133525831162","1","0","924.375","-63.5","1.71805848243192","98.4375",""
"AAAA ABCD ABCD ABCD ABCD E019","0.00","1414133525864049","1","0","924.375","-63","1.80396140655351","103.359375",""
"AAAA ABCD ABCD ABCD ABCD E019","0.00","1414133525885185","1","0","924.375","-63","1.81009732970506","103.7109375",""
"AAAA ABCD ABCD ABCD ABCD E019","0.25","1414133525920071","1","0","924.375","-64.5","5.03759290741645","288.6328125",""
"AAAA ABCD ABCD ABCD ABCD E019","2.25","1414133525938187","1","0","924.375","-64.5","5.08054436947724","291.09375",""
"AAAA ABCD ABCD ABCD ABCD E019","0.00","1414133525974697","1","0","924.375","-64","5.24007837141735","300.234375",""
"AAAA ABCD ABCD ABCD ABCD E019","-0.56","1414133525998594","1","0","924.375","-63.5","2.07394202522139","118.828125",""
"AAAA ABCD ABCD ABCD ABCD E019","0.88","1414133526031452","1","0","924.375","-64","5.14803952414421","294.9609375",""
"AAAA ABCD ABCD ABCD ABCD E019","1.50","1414133526048376","1","0","924.375","-64.5","5.20939875565964","298.4765625",""
"AAAA ABCD ABCD ABCD ABCD E019","0.25","1414133526083664","1","0","924.375","-64","5.29530167978123","303.3984375",""
"AAAA ABCD ABCD ABCD ABCD E019","2.56","1414133526112882","1","0","924.375","-64","5.25848614087198","301.2890625",""
"AAAA ABCD ABCD ABCD ABCD E019","0.25","1414133526139606","1","0","924.375","-64","5.34438906499357","306.2109375",""
"AAAA ABCD ABCD ABCD ABCD E019","2.13","1414133526159377","1","0","924.375","-64.5","5.32598129553895","305.15625",""
"AAAA ABCD ABCD ABCD ABCD E019","0.88","1414133526192961","1","0","924.375","-64.5","5.42415606596363","310.78125",""
"AAAA ABCD ABCD ABCD ABCD E019","0.25","1414133526219370","1","0","924.375","-65","5.4486997585698","312.1875",""
"AAAA ABCD ABCD ABCD ABCD E019","0.88","1414133526248875","1","0","924.375","-65","5.49778714378214","315",""
"AAAA ABCD ABCD ABCD ABCD E019","-0.88","1414133526278905","1","0","924.375","-65.5","2.42982556801086","139.21875",""
"AAAA ABCD ABCD ABCD ABCD E019","1.50","1414133526301326","1","0","924.375","-65.5","5.58369006790373","319.921875",""
"AAAA ABCD ABCD ABCD ABCD E019","-0.56","1414133526323831","1","0","924.375","-65.5","5.62664152996453","322.3828125",""
"AAAA ABCD ABCD ABCD ABCD E019","0.56","1414133526366905","1","0","924.375","-65","2.52800033843554","144.84375",""
"AAAA ABCD ABCD ABCD ABCD E019","-0.88","1414133526387882","1","0","924.375","-65.5","5.70027260778304","326.6015625",""
"AAAA ABCD ABCD ABCD ABCD E019","-1.81","1414133526421341","1","0","924.375","-65","2.54640810789016","145.8984375",""
"AAAA ABCD ABCD ABCD ABCD E019","0.56","1414133526439527","1","0","924.375","-65","2.55254403104171","146.25",""
"AAAA ABCD ABCD ABCD ABCD E019","2.44","1414133526477257","1","0","924.375","-65","2.55867995419325","146.6015625",""
"AAAA ABCD ABCD ABCD ABCD E019","0.56","1414133526500276","1","0","924.375","-65","5.68800076147996","325.8984375",""
"AAAA ABCD ABCD ABCD ABCD E019","0.56","1414133526526004","1","0","924.375","-65","5.72481630038921","328.0078125",""
"AAAA ABCD ABCD ABCD ABCD E019","0.25","1414133526551198","1","0","924.375","-65","5.73095222354076","328.359375",""
"AAAA ABCD ABCD ABCD ABCD E019","0.00","1414133526580452","1","0","924.375","-65","2.62617510886022","150.46875",""
"AAAA ABCD ABCD ABCD ABCD E019","-1.19","1414133526611911","1","0","924.375","-64.5","5.76163183929847","330.1171875",""
"AAAA ABCD ABCD ABCD ABCD E019","-0.25","1414133526635889","1","0","924.375","-64.5","5.74935999299538","329.4140625",""
"AAAA ABCD ABCD ABCD ABCD E019","0.56","1414133526663574","1","0","924.375","-64.5","5.70027260778304","326.6015625",""
"AAAA ABCD ABCD ABCD ABCD E019","2.25","1414133526701338","1","0","924.375","-64.5","5.70027260778304","326.6015625",""
"AAAA ABCD ABCD ABCD ABCD E019","0.88","1414133526720803","1","0","924.375","-64.5","5.73095222354076","328.359375",""
"AAAA ABCD ABCD ABCD ABCD E019","-1.19","1414133526748808","1","0","924.375","-64.5","5.7370881466923","328.7109375",""
"AAAA ABCD ABCD ABCD ABCD E019","-0.25","1414133526772497","1","0","924.375","-64.5","5.71254445408613","327.3046875",""
"AAAA ABCD ABCD ABCD ABCD E019","0.25","1414133526810962","1","0","924.375","-64.5","2.57708772364788","147.65625",""
"AAAA ABCD ABCD ABCD ABCD E019","0.00","1414133526836274","1","0","924.375","-64.5","5.70640853093458","326.953125",""
"AAAA ABCD ABCD ABCD ABCD E019","0.25","1414133526859516","1","0","924.375","-64.5","5.68800076147996","325.8984375",""
"AAAA ABCD ABCD ABCD ABCD E019","2.88","1414133526888053","1","0","924.375","-65","5.64504929941916","323.4375",""
"AAAA ABCD ABCD ABCD ABCD E019","2.88","1414133526918828","1","0","924.375","-65","5.63891337626762","323.0859375",""
"AAAA ABCD ABCD ABCD ABCD E019","1.19","1414133526934383","1","0","924.375","-65","5.63891337626762","323.0859375",""
"AAAA ABCD ABCD ABCD ABCD E019","0.25","1414133526966572","1","0","924.375","-65","2.50345664582937","143.4375",""
"AAAA ABCD ABCD ABCD ABCD E019","1.19","1414133526997925","1","0","924.375","-65.5","5.67572891517687","325.1953125",""
"AAAA ABCD ABCD ABCD ABCD E019","0.00","1414133527022717","1","0","924.375","-65","5.63277745311607","322.734375",""
"AAAA ABCD ABCD ABCD ABCD E019","2.88","1414133527050669","1","0","924.375","-65.5","5.59596191420682","320.625",""
"AAAA ABCD ABCD ABCD ABCD E019","0.00","1414133527082224","1","0","924.375","-65","5.62664152996453","322.3828125",""
"AAAA ABCD ABCD ABCD ABCD E019","-2.13","1414133527105513","1","0","924.375","-65.5","5.63891337626762","323.0859375",""
"AAAA ABCD ABCD ABCD ABCD E019","-2.44","1414133527132814","1","0","924.375","-65.5","5.63891337626762","323.0859375",""
"AAAA ABCD ABCD ABCD ABCD E019","-1.81","1414133527156633","1","0","924.375","-65.5","2.44823333746548","140.2734375",""
"AAAA ABCD ABCD ABCD ABCD E019","-0.25","1414133527192504","1","0","924.375","-65.5","5.58982599105528","320.2734375",""
"AAAA ABCD ABCD ABCD ABCD E019","-0.56","1414133527224699","1","0","924.375","-65","2.44823333746548","140.2734375",""
"AAAA ABCD ABCD ABCD ABCD E019","-2.13","1414133527251392","1","0","924.375","-65","2.46664110692011","141.328125",""
"AAAA ABCD ABCD ABCD ABCD E019","0.56","1414133527277960","1","0","924.375","-65","5.62664152996453","322.3828125",""
"AAAA ABCD ABCD ABCD ABCD E019","0.00","1414133527301478","1","0","924.375","-65","2.47277703007165","141.6796875",""
"AAAA ABCD ABCD ABCD ABCD E019","-0.56","1414133527332141","1","0","924.375","-65","2.46050518376857","140.9765625",""
"AAAA ABCD ABCD ABCD ABCD E019","-2.56","1414133527358200","1","0","924.375","-65","5.6511852225707","323.7890625",""
"AAAA ABCD ABCD ABCD ABCD E019","0.00","1414133527389572","1","0","924.375","-65","2.46050518376857","140.9765625",""
"AAAA ABCD ABCD ABCD ABCD E019","-0.25","1414133527412693","1","0","924.375","-65","2.47277703007165","141.6796875",""
"AAAA ABCD ABCD ABCD ABCD E019","-0.88","1414133527442796","1","0","924.375","-65","5.61436968366145","321.6796875",""
"AAAA ABCD ABCD ABCD ABCD E019","-0.25","1414133527472944","1","0","924.375","-65","2.4359614911624","139.5703125",""
"AAAA ABCD ABCD ABCD ABCD E019","-0.25","1414133527495842","1","0","924.375","-65","5.57141822160065","319.21875",""
"AAAA ABCD ABCD ABCD ABCD E019","2.44","1414133527538926","1","0","924.375","-64.5","2.37460225964697","136.0546875",""
"AAAA ABCD ABCD ABCD ABCD E019","-0.25","1414133527553846","1","0","924.375","-65","5.53460268269139","317.109375",""
"AAAA ABCD ABCD ABCD ABCD E019","0.88","1414133527593923","1","0","924.375","-64.5","5.50392306693368","315.3515625",""
"AAAA ABCD ABCD ABCD ABCD E019","-0.88","1414133527615709","1","0","924.375","-65","2.36846633649543","135.703125",""
"AAAA ABCD ABCD ABCD ABCD E019","2.56","1414133527644284","1","0","924.375","-64.5","5.4486997585698","312.1875",""
"AAAA ABCD ABCD ABCD ABCD E019","0.56","1414133527669351","1","0","924.375","-64.5","2.28869933552538","131.1328125",""
"AAAA ABCD ABCD ABCD ABCD E019","0.88","1414133527704401","1","0","924.375","-64.5","5.43642791226671","311.484375",""
"AAAA ABCD ABCD ABCD ABCD E019","-1.50","1414133527727496","1","0","924.375","-64.5","2.30097118182846","131.8359375",""
"AAAA ABCD ABCD ABCD ABCD E019","2.13","1414133527757059","1","0","924.375","-65","5.405748296509","309.7265625",""
"AAAA ABCD ABCD ABCD ABCD E019","3.19","1414133527785243","1","0","924.375","-64.5","5.38120460390283","308.3203125",""
"AAAA ABCD ABCD ABCD ABCD E019","4.88","1414133527815679","1","0","924.375","-64.5","5.33211721869049","305.5078125",""
"AAAA ABCD ABCD ABCD ABCD E019","2.56","1414133527838167","1","0","924.375","-65","2.20893233455532","126.5625",""
"AAAA ABCD ABCD ABCD ABCD E019","1.50","1414133527868106","1","0","924.375","-65","5.33825314184203","305.859375",""
"AAAA ABCD ABCD ABCD ABCD E019","-0.56","1414133527894072","1","0","924.375","-65","2.16598087249453","124.1015625",""
"AAAA ABCD ABCD ABCD ABCD E019","0.88","1414133527916792","1","0","924.375","-65","5.27075798717506","301.9921875",""
"AAAA ABCD ABCD ABCD ABCD E019","1.63","1414133527944450","1","0","924.375","-65","5.25848614087198","301.2890625",""
"AAAA ABCD ABCD ABCD ABCD E019","2.56","1414133527982001","1","0","924.375","-64.5","5.2032628325081","298.125",""
"AAAA ABCD ABCD ABCD ABCD E019","1.63","1414133528003600","1","0","924.375","-64.5","5.22167060196272","299.1796875",""
"AAAA ABCD ABCD ABCD ABCD E019","1.19","1414133528029538","1","0","924.375","-65","5.20939875565964","298.4765625",""
"AAAA ABCD ABCD ABCD ABCD E019","-0.25","1414133528062928","1","0","924.375","-64.5","5.21553467881118","298.828125",""
"AAAA ABCD ABCD ABCD ABCD E019","0.25","1414133528089657","1","0","924.375","-65","2.07394202522139","118.828125",""
"AAAA ABCD ABCD ABCD ABCD E019","0.56","1414133528116928","1","0","924.375","-65","5.17871913990192","296.71875",""
"AAAA ABCD ABCD ABCD ABCD E019","0.25","1414133528143742","1","0","924.375","-65","5.19712690935655","297.7734375",""
"AAAA ABCD ABCD ABCD ABCD E019","0.25","1414133528170382","1","0","924.375","-65","5.19712690935655","297.7734375",""
"AAAA ABCD ABCD ABCD ABCD E019","-0.25","1414133528196367","1","0","924.375","-65","2.03099056316059","116.3671875",""
"AAAA ABCD ABCD ABCD ABCD E019","-0.25","1414133528218843","1","0","924.375","-65","2.0187187168575","115.6640625",""
"AAAA ABCD ABCD ABCD ABCD E019","-0.88","1414133528254332","1","0","924.375","-65","2.0616701789183","118.125",""
"AAAA ABCD ABCD ABCD ABCD E019","0.56","1414133528273195","1","0","924.375","-65","5.17871913990192","296.71875",""
"AAAA ABCD ABCD ABCD ABCD E019","1.31","1414133528312013","1","0","924.375","-65","5.18485506305347","297.0703125",""
"AAAA ABCD ABCD ABCD ABCD E019","-2.13","1414133528334289","1","0","924.375","-65","2.09848571782756","120.234375",""
"AAAA ABCD ABCD ABCD ABCD E019","0.88","1414133528365257","1","0","924.375","-65","5.19712690935655","297.7734375",""
"AAAA ABCD ABCD ABCD ABCD E019","-0.25","1414133528390406","1","0","924.375","-65","2.08621387152447","119.53125",""
"AAAA ABCD ABCD ABCD ABCD E019","1.94","1414133528422578","1","0","924.375","-65","5.22167060196272","299.1796875",""
"AAAA ABCD ABCD ABCD ABCD E019","0.56","1414133528445445","1","0","924.375","-65","5.24007837141735","300.234375",""
"AAAA ABCD ABCD ABCD ABCD E019","1.81","1414133528477130","1","0","924.375","-65","5.25848614087198","301.2890625",""
"AAAA ABCD ABCD ABCD ABCD E019","0.00","1414133528505038","1","0","924.375","-65","5.29530167978123","303.3984375",""
"AAAA ABCD ABCD ABCD ABCD E019","0.00","1414133528530171","1","0","924.375","-65","2.16598087249453","124.1015625",""
"AAAA ABCD ABCD ABCD ABCD E019","0.00","1414133528554596","1","0","924.375","-65.5","2.1905245651007","125.5078125",""
"AAAA ABCD ABCD ABCD ABCD E019","-0.88","1414133528585569","1","0","924.375","-65","2.22120418085841","127.265625",""
"AAAA ABCD ABCD ABCD ABCD E019","0.88","1414133528615396","1","0","924.375","-65","2.22734010400995","127.6171875",""
"AAAA ABCD ABCD ABCD ABCD E019","0.00","1414133528646988","1","0","924.375","-65.5","5.41188421966054","310.078125",""
"AAAA ABCD ABCD ABCD ABCD E019","3.19","1414133528665249","1","0","924.375","-65","5.39347645020591","309.0234375",""
"AAAA ABCD ABCD ABCD ABCD E019","1.50","1414133528700245","1","0","924.375","-65","5.43642791226671","311.484375",""
"AAAA ABCD ABCD ABCD ABCD E019","2.13","1414133528722432","1","0","924.375","-65","2.28869933552538","131.1328125",""
"AAAA ABCD ABCD ABCD ABCD E019","0.25","1414133528757396","1","0","924.375","-65","2.31937895128309","132.890625",""
"AAAA ABCD ABCD ABCD ABCD E019","-2.44","1414133528782105","1","0","924.375","-65","2.35619449019234","135",""
"AAAA ABCD ABCD ABCD ABCD E019","0.88","1414133528813534","1","0","924.375","-65","5.47324345117597","313.59375",""
"AAAA ABCD ABCD ABCD ABCD E019","-0.25","1414133528830539","1","0","924.375","-65","2.3500585670408","134.6484375",""
"AAAA ABCD ABCD ABCD ABCD E019","0.00","1414133528864962","1","0","924.375","-65","2.34392264388926","134.296875",""
"AAAA ABCD ABCD ABCD ABCD E019","0.00","1414133528895771","1","0","924.375","-65","2.34392264388926","134.296875",""
"AAAA ABCD ABCD ABCD ABCD E019","1.81","1414133528916866","1","0","924.375","-65","5.4486997585698","312.1875",""
"AAAA ABCD ABCD ABCD ABCD E019","1.94","1414133528948942","1","0","924.375","-65","5.45483568172134","312.5390625",""
"AAAA ABCD ABCD ABCD ABCD E019","0.00","1414133528980933","1","0","924.375","-65","5.43642791226671","311.484375",""
"AAAA ABCD ABCD ABCD ABCD E019","-1.50","1414133529001097","1","0","924.375","-65","5.43642791226671","311.484375",""
"AAAA ABCD ABCD ABCD ABCD E019","0.56","1414133529039001","1","0","924.375","-65","5.35666091129666","306.9140625",""
"AAAA ABCD ABCD ABCD ABCD E019","-1.50","1414133529061907","1","0","924.375","-65","2.23347602716149","127.96875",""
"AAAA ABCD ABCD ABCD ABCD E019","0.88","1414133529089190","1","0","924.375","-65","5.30757352608432","304.1015625",""
"AAAA ABCD ABCD ABCD ABCD E019","-2.44","1414133529117140","1","0","924.375","-65","5.34438906499357","306.2109375",""
"AAAA ABCD ABCD ABCD ABCD E019","-1.19","1414133529148461","1","0","924.375","-65","2.12302941043373","121.640625",""
"AAAA ABCD ABCD ABCD ABCD E019","0.00","1414133529163922","1","0","924.375","-65","2.11075756413064","120.9375",""
"AAAA ABCD ABCD ABCD ABCD E019","3.19","1414133529205769","1","0","924.375","-65","5.20939875565964","298.4765625",""
"AAAA ABCD ABCD ABCD ABCD E019","-0.25","1414133529218613","1","0","924.375","-65","2.08007794837293","119.1796875",""
"AAAA ABCD ABCD ABCD ABCD E019","1.50","1414133529257671","1","0","924.375","-65","5.19099098620501","297.421875",""
"AAAA ABCD ABCD ABCD ABCD E019","1.81","1414133529280072","1","0","924.375","-65","2.04939833261522","117.421875",""
"AAAA ABCD ABCD ABCD ABCD E019","-0.56","1414133529314222","1","0","924.375","-65","2.04326240946367","117.0703125",""
"AAAA ABCD ABCD ABCD ABCD E019","-0.25","1414133529341089","1","0","924.375","-65","2.02485464000905","116.015625",""
"AAAA ABCD ABCD ABCD ABCD E019","-0.56","1414133529374758","1","0","924.375","-65","2.05553425576676","117.7734375",""
"AAAA ABCD ABCD ABCD ABCD E019","-1.50","1414133529394816","1","0","924.375","-65","2.03099056316059","116.3671875",""
"AAAA ABCD ABCD ABCD ABCD E019","-1.50","1414133529428573","1","0","924.375","-64.5","2.00031094740288","114.609375",""
"AAAA ABCD ABCD ABCD ABCD E019","0.25","1414133529452211","1","0","924.375","-65","1.95122356219054","111.796875",""
"AAAA ABCD ABCD ABCD ABCD E019","0.56","1414133529489946","1","0","924.375","-64.5","1.95735948534208","112.1484375",""
"AAAA ABCD ABCD ABCD ABCD E019","1.94","1414133529508085","1","0","924.375","-64.5","5.10508806208341","292.5",""
"AAAA ABCD ABCD ABCD ABCD E019","0.00","1414133529543866","1","0","924.375","-64.5","1.95122356219054","111.796875",""
"AAAA ABCD ABCD ABCD ABCD E019","2.44","1414133529568231","1","0","924.375","-64.5","5.04986475371953","289.3359375",""
"AAAA ABCD ABCD ABCD ABCD E019","0.56","1414133529595612","1","0","924.375","-64.5","1.91440802328128","109.6875",""
"AAAA ABCD ABCD ABCD ABCD E019","3.19","1414133529622669","1","0","924.375","-64","5.0314569842649","288.28125",""
"AAAA ABCD ABCD ABCD ABCD E019","2.44","1414133529649206","1","0","924.375","-64","5.00691329165873","286.875",""
"AAAA ABCD ABCD ABCD ABCD E019","-0.56","1414133529676407","1","0","924.375","-64","1.87759248437202","107.578125",""
"AAAA ABCD ABCD ABCD ABCD E019","-0.88","1414133529710710","1","0","924.375","-63.5","1.82850509915968","104.765625",""
"AAAA ABCD ABCD ABCD ABCD E019","1.50","1414133529733644","1","0","924.375","-63.5","4.93941813699176","283.0078125",""
"AAAA ABCD ABCD ABCD ABCD E019","1.50","1414133529756307","1","0","924.375","-63.5","1.78555363709889","102.3046875",""
"AAAA ABCD ABCD ABCD ABCD E019","-1.50","1414133529786138","1","0","924.375","-63.5","1.76714586764426","101.25",""
"AAAA ABCD ABCD ABCD ABCD E019","0.00","1414133529824669","1","0","924.375","-63","1.74260217503809","99.84375",""
"AAAA ABCD ABCD ABCD ABCD E019","0.56","1414133529836047","1","0","924.375","-63","1.71805848243192","98.4375",""
"AAAA ABCD ABCD ABCD ABCD E019","2.13","1414133529866993","1","0","924.375","-63","4.81669967396091","275.9765625",""
"AAAA ABCD ABCD ABCD ABCD E019","-0.56","1414133529895499","1","0","924.375","-63","1.68737886667421","96.6796875",""
"AAAA ABCD ABCD ABCD ABCD E019","-0.56","1414133529935398","1","0","924.375","-63","1.65056332776495","94.5703125",""
"AAAA ABCD ABCD ABCD ABCD E019","2.88","1414133529949405","1","0","924.375","-63","1.58306817309798","90.703125",""
"AAAA ABCD ABCD ABCD ABCD E019","2.25","1414133529981414","1","0","924.375","-62.5","4.71852490353623","270.3515625",""
"AAAA ABCD ABCD ABCD ABCD E019","0.56","1414133530002463","1","0","924.375","-63","1.55852448049181","89.296875",""
"AAAA ABCD ABCD ABCD ABCD E019","-0.25","1414133530039212","1","0","924.375","-63","1.53398078788564","87.890625",""
"AAAA ABCD ABCD ABCD ABCD E019","0.25","1414133530059519","1","0","924.375","-63","1.51557301843101","86.8359375",""
"AAAA ABCD ABCD ABCD ABCD E019","0.25","1414133530090968","1","0","924.375","-63","1.49102932582484","85.4296875",""
"AAAA ABCD ABCD ABCD ABCD E019","0.25","1414133530118894","1","0","924.375","-63","1.49102932582484","85.4296875",""
"AAAA ABCD ABCD ABCD ABCD E019","0.88","1414133530153056","1","0","924.375","-62.5","4.60194236365692","263.671875",""
"AAAA ABCD ABCD ABCD ABCD E019","-1.50","1414133530178127","1","0","924.375","-63","1.4848934026733","85.078125",""
"AAAA ABCD ABCD ABCD ABCD E019","1.31","1414133530208522","1","0","924.375","-62.5","1.4419419406125","82.6171875",""
"AAAA ABCD ABCD ABCD ABCD E019","-0.56","1414133530233086","1","0","924.375","-63","1.45421378691559","83.3203125",""
"AAAA ABCD ABCD ABCD ABCD E019","0.25","1414133530261860","1","0","924.375","-63","1.42967009430942","81.9140625",""
"AAAA ABCD ABCD ABCD ABCD E019","1.19","1414133530283025","1","0","924.375","-63","1.43580601746096","82.265625",""
"AAAA ABCD ABCD ABCD ABCD E019","1.50","1414133530313098","1","0","924.375","-63","1.46034971006713","83.671875",""
"AAAA ABCD ABCD ABCD ABCD E019","0.00","1414133530335600","1","0","924.375","-63","1.49716524897639","85.78125",""
"AAAA ABCD ABCD ABCD ABCD E019","0.25","1414133530372435","1","0","924.375","-63","1.49716524897639","85.78125",""
"AAAA ABCD ABCD ABCD ABCD E019","0.88","1414133530400322","1","0","924.375","-63","1.49716524897639","85.78125",""
"AAAA ABCD ABCD ABCD ABCD E019","0.25","1414133530429028","1","0","924.375","-63","1.51557301843101","86.8359375",""
"AAAA ABCD ABCD ABCD ABCD E019","1.19","1414133530453937","1","0","924.375","-63","1.51557301843101","86.8359375",""
"AAAA ABCD ABCD ABCD ABCD E019","3.50","1414133530484543","1","0","924.375","-63","4.64489382571772","266.1328125",""
"AAAA ABCD ABCD ABCD ABCD E019","0.25","1414133530506790","1","0","924.375","-63","1.55238855734027","88.9453125",""
"AAAA ABCD ABCD ABCD ABCD E019","-0.88","1414133530532339","1","0","924.375","-63","1.5707963267949","90",""
"AAAA ABCD ABCD ABCD ABCD E019","0.00","1414133530567130","1","0","924.375","-63","1.60761186570415","92.109375",""
"AAAA ABCD ABCD ABCD ABCD E019","1.19","1414133530597273","1","0","924.375","-63","1.59534001940107","91.40625",""
"AAAA ABCD ABCD ABCD ABCD E019","1.31","1414133530614676","1","0","924.375","-63","4.7430685961424","271.7578125",""
"AAAA ABCD ABCD ABCD ABCD E019","-0.25","1414133530651801","1","0","924.375","-63","1.63215555831032","93.515625",""
"AAAA ABCD ABCD ABCD ABCD E019","2.13","1414133530666836","1","0","924.375","-63.5","1.60761186570415","92.109375",""
"AAAA ABCD ABCD ABCD ABCD E019","1.31","1414133530700126","1","0","924.375","-63","1.64442740461341","94.21875",""
"AAAA ABCD ABCD ABCD ABCD E019","-0.25","1414133530730078","1","0","924.375","-63.5","1.66897109721958","95.625",""
"AAAA ABCD ABCD ABCD ABCD E019","0.00","1414133530763843","1","0","924.375","-63.5","1.69965071297729","97.3828125",""
"AAAA ABCD ABCD ABCD ABCD E019","1.94","1414133530789407","1","0","924.375","-63.5","4.81669967396091","275.9765625",""
"AAAA ABCD ABCD ABCD ABCD E019","1.63","1414133530815833","1","0","924.375","-63.5","1.71192255928038","98.0859375",""
"AAAA ABCD ABCD ABCD ABCD E019","3.50","1414133530833413","1","0","924.375","-63.5","4.81669967396091","275.9765625",""
"AAAA ABCD ABCD ABCD ABCD E019","0.56","1414133530873831","1","0","924.375","-63.5","1.73646625188655","99.4921875",""
"AAAA ABCD ABCD ABCD ABCD E019","4.25","1414133530898994","1","0","924.375","-63.5","4.85351521287017","278.0859375",""
"AAAA ABCD ABCD ABCD ABCD E019","-0.88","1414133530932535","1","0","924.375","-63.5","1.75487402134117","100.546875",""
"AAAA ABCD ABCD ABCD ABCD E019","-1.19","1414133530954937","1","0","924.375","-63.5","1.76714586764426","101.25",""
"AAAA ABCD ABCD ABCD ABCD E019","1.19","1414133530977114","1","0","924.375","-64","1.76100994449272","100.8984375",""
"AAAA ABCD ABCD ABCD ABCD E019","1.81","1414133531010378","1","0","924.375","-64","4.93328221384022","282.65625",""
"AAAA ABCD ABCD ABCD ABCD E019","0.56","1414133531044246","1","0","924.375","-64","1.8591847149174","106.5234375",""
"AAAA ABCD ABCD ABCD ABCD E019","3.19","1414133531062529","1","0","924.375","-63.5","5.04986475371953","289.3359375",""
"AAAA ABCD ABCD ABCD ABCD E019","1.63","1414133531090586","1","0","924.375","-64","5.11122398523496","292.8515625",""
"AAAA ABCD ABCD ABCD ABCD E019","2.44","1414133531114954","1","0","924.375","-64","5.19712690935655","297.7734375",""
"AAAA ABCD ABCD ABCD ABCD E019","1.50","1414133531148243","1","0","924.375","-64.5","5.31370944923586","304.453125",""
"AAAA ABCD ABCD ABCD ABCD E019","3.19","1414133531171050","1","0","924.375","-64.5","5.35052498814512","306.5625",""
"AAAA ABCD ABCD ABCD ABCD E019","1.50","1414133531212307","1","0","924.375","-65","5.56528229844911","318.8671875",""
"AAAA ABCD ABCD ABCD ABCD E019","-1.50","1414133531224370","1","0","924.375","-65","5.6511852225707","323.7890625",""
"AAAA ABCD ABCD ABCD ABCD E019","3.81","1414133531255803","1","0","924.375","-65.5","5.76776776245001","330.46875",""
"AAAA ABCD ABCD ABCD ABCD E019","1.50","1414133531288652","1","0","924.375","-65.5","6.00706876536017","344.1796875",""
"AAAA ABCD ABCD ABCD ABCD E019","1.81","1414133531328538","1","0","924.375","-66","6.26477753772496","358.9453125",""
"AAAA ABCD ABCD ABCD ABCD E019","1.50","1414133531351366","1","0","924.375","-66.5","0.165669925091649","9.4921875",""
"AAAA ABCD ABCD ABCD ABCD E019","6.25","1414133531383604","1","0","924.375","-66.5","0.337475773334841","19.3359375",""
"AAAA ABCD ABCD ABCD ABCD E019","4.88","1414133531403694","1","0","924.375","-66.5","0.601320468851171","34.453125",""
"AAAA ABCD ABCD ABCD ABCD E019","5.00","1414133531441545","1","0","924.375","-67","0.994019550549895","56.953125",""
"AAAA ABCD ABCD ABCD ABCD E019","1.50","1414133531454997","1","0","924.375","-67","1.14741762933846","65.7421875",""
"AAAA ABCD ABCD ABCD ABCD E019","1.31","1414133531489246","1","0","924.375","-66.5","1.47262155637022","84.375",""
"AAAA ABCD ABCD ABCD ABCD E019","1.81","1414133531521136","1","0","924.375","-66.5","4.80442782765783","275.2734375",""
"AAAA ABCD ABCD ABCD ABCD E019","2.44","1414133531552696","1","0","924.375","-68.5","5.54073860584294","317.4609375",""
"AAAA ABCD ABCD ABCD ABCD E019","0.56","1414133531575756","1","0","924.375","-65.5","6.01934061166326","344.8828125",""
"AAAA ABCD ABCD ABCD ABCD E019","3.19","1414133531601844","1","0","924.375","-67","6.24023384511879","357.5390625",""
"AAAA ABCD ABCD ABCD ABCD E019","-1.81","1414133531630551","1","0","924.375","-66","0.171805848243192","9.84375",""
"AAAA ABCD ABCD ABCD ABCD E019","1.94","1414133531663444","1","0","924.375","-65","0.601320468851171","34.453125",""
"AAAA ABCD ABCD ABCD ABCD E019","2.56","1414133531687096","1","0","924.375","-64.5","0.822213702306704","47.109375",""
"AAAA ABCD ABCD ABCD ABCD E019","1.19","1414133531719493","1","0","924.375","-64.5","1.15355355249","66.09375",""
"AAAA ABCD ABCD ABCD ABCD E019","2.88","1414133531741133","1","0","924.375","-65","1.42967009430942","81.9140625",""
"AAAA ABCD ABCD ABCD ABCD E019","0.56","1414133531773302","1","0","924.375","-66.5","2.08621387152447","119.53125",""
"AAAA ABCD ABCD ABCD ABCD E019","2.13","1414133531793006","1","0","924.375","-68.5","2.4789129532232","142.03125",""
"AAAA ABCD ABCD ABCD ABCD E019","3.94","1414133531825903","1","0","924.375","-73","3.098641191529","177.5390625",""
"AAAA ABCD ABCD ABCD ABCD E019","15.25","1414133531860539","1","0","924.375","-81","5.63277745311607","322.734375",""
"AAAA ABCD ABCD ABCD ABCD E019","5.94","1414133531879609","1","0","924.375","-72.5","0.466330159517235","26.71875",""
"AAAA ABCD ABCD ABCD ABCD E019","3.19","1414133531908548","1","0","924.375","-65","1.25172832291468","71.71875",""
"AAAA ABCD ABCD ABCD ABCD E019","2.44","1414133531944845","1","0","924.375","-61","2.18438864194915","125.15625",""
"AAAA ABCD ABCD ABCD ABCD E019","5.44","1414133531958179","1","0","924.375","-60","5.66959299202533","324.84375",""
"AAAA ABCD ABCD ABCD ABCD E019","4.06","1414133532002058","1","0","924.375","-59","0.760854470791278","43.59375",""
"AAAA ABCD ABCD ABCD ABCD E019","4.06","1414133532023633","1","0","924.375","-59.5","4.67557344147543","267.890625",""
"AAAA ABCD ABCD ABCD ABCD E019","4.06","1414133532048074","1","0","924.375","-60","5.59596191420682","320.625",""
"AAAA ABCD ABCD ABCD ABCD E019","3.19","1414133532080302","1","0","924.375","-59.5","0.423378697456437","24.2578125",""
"AAAA ABCD ABCD ABCD ABCD E019","2.88","1414133532112092","1","0","924.375","-59.5","1.17196132194463","67.1484375",""
"AAAA ABCD ABCD ABCD ABCD E019","2.13","1414133532138679","1","0","924.375","-60","1.78555363709889","102.3046875",""
"AAAA ABCD ABCD ABCD ABCD E019","2.88","1414133532166562","1","0","924.375","-61.5","5.63891337626762","323.0859375",""
"AAAA ABCD ABCD ABCD ABCD E019","5.00","1414133532197921","1","0","924.375","-64.5","0.0797670009700533","4.5703125",""
"AAAA ABCD ABCD ABCD ABCD E019","1.81","1414133532228786","1","0","924.375","-67.5","3.88403935492644","222.5390625",""
"AAAA ABCD ABCD ABCD ABCD E019","2.44","1414133532248971","1","0","924.375","-69","1.17196132194463","67.1484375",""
"AAAA ABCD ABCD ABCD ABCD E019","0.88","1414133532286853","1","0","924.375","-72.5","1.99417502425133","114.2578125",""
"AAAA ABCD ABCD ABCD ABCD E019","4.69","1414133532306402","1","0","924.375","-74","5.70027260778304","326.6015625",""
"AAAA ABCD ABCD ABCD ABCD E019","14.00","1414133532341182","1","0","924.375","-79","1.01856324315607","58.359375",""
"AAAA ABCD ABCD ABCD ABCD E019","-3.19","1414133532366155","1","0","924.375","-72.5","5.92730176439012","339.609375",""
"AAAA ABCD ABCD ABCD ABCD E019","-0.56","1414133532388367","1","0","924.375","-68","0.386563158547182","22.1484375",""
"AAAA ABCD ABCD ABCD ABCD E019","2.44","1414133532419861","1","0","924.375","-63.5","4.44240836171682","254.53125",""
"AAAA ABCD ABCD ABCD ABCD E019","6.25","1414133532452800","1","0","924.375","-60","5.36893275759974","307.6171875",""
"AAAA ABCD ABCD ABCD ABCD E019","3.81","1414133532473796","1","0","924.375","-59","5.96411730329937","341.71875",""
"AAAA ABCD ABCD ABCD ABCD E019","4.25","1414133532504354","1","0","924.375","-57.5","0.521553467881118","29.8828125",""
"AAAA ABCD ABCD ABCD ABCD E019","4.06","1414133532530990","1","0","924.375","-56.5","1.31308755443011","75.234375",""
"AAAA ABCD ABCD ABCD ABCD E019","4.88","1414133532556652","1","0","924.375","-56.5","2.18438864194915","125.15625",""
"AAAA ABCD ABCD ABCD ABCD E019","5.63","1414133532588063","1","0","924.375","-56.5","0.110446616727766","6.328125",""
"AAAA ABCD ABCD ABCD ABCD E019","3.81","1414133532612016","1","0","924.375","-56.5","1.09219432097458","62.578125",""
"AAAA ABCD ABCD ABCD ABCD E019","3.81","1414133532644895","1","0","924.375","-56","5.47937937432751","313.9453125",""
"AAAA ABCD ABCD ABCD ABCD E019","5.00","1414133532665360","1","0","924.375","-56","6.16046684414874","352.96875",""
"AAAA ABCD ABCD ABCD ABCD E019","2.13","1414133532698173","1","0","924.375","-55","0.674951546669682","38.671875",""
"AAAA ABCD ABCD ABCD ABCD E019","1.81","1414133532729694","1","0","924.375","-55","1.29467978497548","74.1796875",""
"AAAA ABCD ABCD ABCD ABCD E019","5.31","1414133532754430","1","0","924.375","-53","5.08054436947724","291.09375",""
"AAAA ABCD ABCD ABCD ABCD E019","3.81","1414133532778937","1","0","924.375","-54.5","5.83526291711698","334.3359375",""
"AAAA ABCD ABCD ABCD ABCD E019","4.56","1414133532804101","1","0","924.375","-54.5","0.233165079758617","13.359375",""
"AAAA ABCD ABCD ABCD ABCD E019","5.00","1414133532835755","1","0","924.375","-54.5","1.07378655151995","61.5234375",""
"AAAA ABCD ABCD ABCD ABCD E019","4.06","1414133532865832","1","0","924.375","-55.5","4.87805890547634","279.4921875",""
"AAAA ABCD ABCD ABCD ABCD E019","3.81","1414133532898743","1","0","924.375","-57","5.66345706887379","324.4921875",""
"AAAA ABCD ABCD ABCD ABCD E019","4.25","1414133532917460","1","0","924.375","-56.5","0.0736310778185108","4.21875",""
"AAAA ABCD ABCD ABCD ABCD E019","4.38","1414133532954069","1","0","924.375","-55","1.76100994449272","100.8984375",""
"AAAA ABCD ABCD ABCD ABCD E019","3.50","1414133532980577","1","0","924.375","-55","6.01934061166326","344.8828125",""
"AAAA ABCD ABCD ABCD ABCD E019","4.38","1414133533005682","1","0","924.375","-55","0.644271930911969","36.9140625",""
"AAAA ABCD ABCD ABCD ABCD E019","5.31","1414133533034476","1","0","924.375","-54","4.76147636559703","272.8125",""
"AAAA ABCD ABCD ABCD ABCD E019","4.06","1414133533060065","1","0","924.375","-52","5.64504929941916","323.4375",""
"AAAA ABCD ABCD ABCD ABCD E019","5.00","1414133533090891","1","0","924.375","-50.5","0.411106851153352","23.5546875",""
"AAAA ABCD ABCD ABCD ABCD E019","3.81","1414133533120233","1","0","924.375","-50","1.41126232485479","80.859375",""
"AAAA ABCD ABCD ABCD ABCD E019","4.06","1414133533143644","1","0","924.375","-50","5.25235021772044","300.9375",""
"AAAA ABCD ABCD ABCD ABCD E019","3.81","1414133533168951","1","0","924.375","-51","6.03774838111788","345.9375",""
"AAAA ABCD ABCD ABCD ABCD E019","3.19","1414133533198324","1","0","924.375","-52.5","0.840621471761331","48.1640625",""
"AAAA ABCD ABCD ABCD ABCD E019","4.88","1414133533235346","1","0","924.375","-53","5.49778714378214","315",""
"AAAA ABCD ABCD ABCD ABCD E019","4.69","1414133533267640","1","0","924.375","-53","0.490873852123405","28.125",""
"AAAA ABCD ABCD ABCD ABCD E019","2.56","1414133533288633","1","0","924.375","-52.5","1.19036909139926","68.203125",""
"AAAA ABCD ABCD ABCD ABCD E019","3.81","1414133533309821","1","0","924.375","-52","4.8719229823248","279.140625",""
"AAAA ABCD ABCD ABCD ABCD E019","3.19","1414133533348910","1","0","924.375","-51.5","5.82912699396544","333.984375",""
"AAAA ABCD ABCD ABCD ABCD E019","2.88","1414133533370536","1","0","924.375","-51","0.0613592315154256","3.515625",""
"AAAA ABCD ABCD ABCD ABCD E019","4.06","1414133533406223","1","0","924.375","-51","4.11106851153352","235.546875",""
"AAAA ABCD ABCD ABCD ABCD E019","3.50","1414133533427194","1","0","924.375","-51.5","4.68170936462698","268.2421875",""
"AAAA ABCD ABCD ABCD ABCD E019","3.50","1414133533459563","1","0","924.375","-52","5.67572891517687","325.1953125",""
"AAAA ABCD ABCD ABCD ABCD E019","2.56","1414133533484731","1","0","924.375","-53","0.110446616727766","6.328125",""
"AAAA ABCD ABCD ABCD ABCD E019","3.50","1414133533507444","1","0","924.375","-53.5","0.699495239275852","40.078125",""
"AAAA ABCD ABCD ABCD ABCD E019","2.88","1414133533535057","1","0","924.375","-54","1.36831086279399","78.3984375",""
"AAAA ABCD ABCD ABCD ABCD E019","2.88","1414133533574088","1","0","924.375","-55.5","2.60163141625405","149.0625",""
"AAAA ABCD ABCD ABCD ABCD E019","5.44","1414133533592242","1","0","924.375","-56","0.0368155389092554","2.109375",""
"AAAA ABCD ABCD ABCD ABCD E019","4.38","1414133533627147","1","0","924.375","-55.5","4.36877728389831","250.3125",""
"AAAA ABCD ABCD ABCD ABCD E019","4.88","1414133533643905","1","0","924.375","-55","4.91487444438559","281.6015625",""
"AAAA ABCD ABCD ABCD ABCD E019","3.50","1414133533678221","1","0","924.375","-54.5","5.95184545699629","341.015625",""
"AAAA ABCD ABCD ABCD ABCD E019","3.19","1414133533705988","1","0","924.375","-53.5","0.539961237335746","30.9375",""
"AAAA ABCD ABCD ABCD ABCD E019","1.81","1414133533733533","1","0","924.375","-53.5","1.39285455540016","79.8046875",""
"AAAA ABCD ABCD ABCD ABCD E019","4.25","1414133533759963","1","0","924.375","-54.5","5.34438906499357","306.2109375",""
"AAAA ABCD ABCD ABCD ABCD E019","4.88","1414133533797071","1","0","924.375","-55.5","0.404970928001809","23.203125",""
"AAAA ABCD ABCD ABCD ABCD E019","4.06","1414133533816612","1","0","924.375","-55.5","4.21537920510974","241.5234375",""
"AAAA ABCD ABCD ABCD ABCD E019","2.56","1414133533841181","1","0","924.375","-55.5","1.84691286861431","105.8203125",""
"AAAA ABCD ABCD ABCD ABCD E019","4.69","1414133533874172","1","0","924.375","-56","5.93343768754166","339.9609375",""
"AAAA ABCD ABCD ABCD ABCD E019","3.81","1414133533896684","1","0","924.375","-55","0.374291312244096","21.4453125",""
"AAAA ABCD ABCD ABCD ABCD E019","5.00","1414133533920644","1","0","924.375","-52","1.06765062836841","61.171875",""
"AAAA ABCD ABCD ABCD ABCD E019","3.50","1414133533951468","1","0","924.375","-51.5","2.03712648631213","116.71875",""
"AAAA ABCD ABCD ABCD ABCD E019","3.19","1414133533978717","1","0","924.375","-51.5","5.88435030232932","337.1484375",""
"AAAA ABCD ABCD ABCD ABCD E019","4.06","1414133534017952","1","0","924.375","-51.5","0.521553467881118","29.8828125",""
"AAAA ABCD ABCD ABCD ABCD E019","2.88","1414133534041691","1","0","924.375","-51.5","0.987883627398353","56.6015625",""
"AAAA ABCD ABCD ABCD ABCD E019","4.38","1414133534067542","1","0","924.375","-51.5","4.7001171340816","269.296875",""
"AAAA ABCD ABCD ABCD ABCD E019","3.81","1414133534094114","1","0","924.375","-51","5.46710752802443","313.2421875",""
"AAAA ABCD ABCD ABCD ABCD E019","4.38","1414133534122410","1","0","924.375","-50","0.184077694546277","10.546875",""
"AAAA ABCD ABCD ABCD ABCD E019","3.50","1414133534142694","1","0","924.375","-49.5","0.840621471761331","48.1640625",""
"AAAA ABCD ABCD ABCD ABCD E019","4.56","1414133534185289","1","0","924.375","-49.5","5.11122398523496","292.8515625",""
"AAAA ABCD ABCD ABCD ABCD E019","4.69","1414133534203490","1","0","924.375","-50","5.57755414475219","319.5703125",""
"AAAA ABCD ABCD ABCD ABCD E019","3.81","1414133534241429","1","0","924.375","-50","0.613592315154257","35.15625",""
"AAAA ABCD ABCD ABCD ABCD E019","5.19","1414133534256243","1","0","924.375","-49.5","1.15355355249","66.09375",""
"AAAA ABCD ABCD ABCD ABCD E019","2.25","1414133534288376","1","0","924.375","-49","5.38734052705437","308.671875",""
"AAAA ABCD ABCD ABCD ABCD E019","4.69","1414133534317626","1","0","924.375","-49","0.00613592315154256","0.3515625",""
"AAAA ABCD ABCD ABCD ABCD E019","4.56","1414133534346084","1","0","924.375","-49","0.803805932852076","46.0546875",""
"AAAA ABCD ABCD ABCD ABCD E019","2.88","1414133534371127","1","0","924.375","-49","1.55238855734027","88.9453125",""
"AAAA ABCD ABCD ABCD ABCD E019","2.88","1414133534406515","1","0","924.375","-49","2.7673013413457","158.5546875",""
"AAAA ABCD ABCD ABCD ABCD E019","5.31","1414133534429248","1","0","924.375","-49","3.49134027322772","200.0390625",""
"AAAA ABCD ABCD ABCD ABCD E019","4.06","1414133534465756","1","0","924.375","-49","4.72466082668778","270.703125",""
"AAAA ABCD ABCD ABCD ABCD E019","3.94","1414133534482976","1","0","924.375","-48.5","2.1046216409791","120.5859375",""
"AAAA ABCD ABCD ABCD ABCD E019","4.56","1414133534507675","1","0","924.375","-48.5","5.92116584123858","339.2578125",""
"AAAA ABCD ABCD ABCD ABCD E019","3.19","1414133534532724","1","0","924.375","-48.5","0.269980618667873","15.46875",""
"AAAA ABCD ABCD ABCD ABCD E019","3.50","1414133534574294","1","0","924.375","-48","1.33763124703628","76.640625",""
"AAAA ABCD ABCD ABCD ABCD E019","4.06","1414133534589718","1","0","924.375","-47.5","1.75487402134117","100.546875",""
"AAAA ABCD ABCD ABCD ABCD E019","2.88","1414133534625951","1","0","924.375","-46.5","5.84753476342006","335.0390625",""
"AAAA ABCD ABCD ABCD ABCD E019","2.88","1414133534647588","1","0","924.375","-47","0.0552233083638831","3.1640625",""
"AAAA ABCD ABCD ABCD ABCD E019","3.50","1414133534679713","1","0","924.375","-47","0.736310778185108","42.1875",""
"AAAA ABCD ABCD ABCD ABCD E019","2.88","1414133534706049","1","0","924.375","-46","1.26400016921777","72.421875",""
"AAAA ABCD ABCD ABCD ABCD E019","4.38","1414133534739041","1","0","924.375","-46","5.06213660002262","290.0390625",""
"AAAA ABCD ABCD ABCD ABCD E019","2.56","1414133534760807","1","0","924.375","-45.5","5.53460268269139","317.109375",""
"AAAA ABCD ABCD ABCD ABCD E019","2.88","1414133534788963","1","0","924.375","-45.5","6.23409792196725","357.1875",""
"AAAA ABCD ABCD ABCD ABCD E019","2.88","1414133534818819","1","0","924.375","-45.5","3.82881604656256","219.375",""
"AAAA ABCD ABCD ABCD ABCD E019","3.19","1414133534851603","1","0","924.375","-45.5","1.5278448647341","87.5390625",""
"AAAA ABCD ABCD ABCD ABCD E019","1.81","1414133534875319","1","0","924.375","-46.5","2.1046216409791","120.5859375",""
"AAAA ABCD ABCD ABCD ABCD E019","4.69","1414133534903478","1","0","924.375","-47.5","6.03161245796634","345.5859375",""
"AAAA ABCD ABCD ABCD ABCD E019","5.31","1414133534934308","1","0","924.375","-46.5","3.95767043274495","226.7578125",""
"AAAA ABCD ABCD ABCD ABCD E019","4.69","1414133534960442","1","0","924.375","-45.5","4.79215598135474","274.5703125",""
"AAAA ABCD ABCD ABCD ABCD E019","6.25","1414133534983431","1","0","924.375","-45.5","5.4916512206306","314.6484375",""
"AAAA ABCD ABCD ABCD ABCD E019","4.06","1414133535013644","1","0","924.375","-45","0.153398078788564","8.7890625",""
"AAAA ABCD ABCD ABCD ABCD E019","3.81","1414133535032105","1","0","924.375","-45","0.674951546669682","38.671875",""
"AAAA ABCD ABCD ABCD ABCD E019","3.19","1414133535072691","1","0","924.375","-44.5","1.56466040364335","89.6484375",""
"AAAA ABCD ABCD ABCD ABCD E019","2.56","1414133535095174","1","0","924.375","-45","1.98803910109979","113.90625",""
"AAAA ABCD ABCD ABCD ABCD E019","3.19","1414133535127868","1","0","924.375","-45.5","5.76163183929847","330.1171875",""
"AAAA ABCD ABCD ABCD ABCD E019","3.19","1414133535160040","1","0","924.375","-45","3.41157327225767","195.46875",""
"AAAA ABCD ABCD ABCD ABCD E019","3.50","1414133535188247","1","0","924.375","-43.5","1.03697101261069","59.4140625",""
"AAAA ABCD ABCD ABCD ABCD E019","3.81","1414133535216287","1","0","924.375","-43","4.85351521287017","278.0859375",""
"AAAA ABCD ABCD ABCD ABCD E019","3.50","1414133535245888","1","0","924.375","-43","5.51005899008522","315.703125",""
"AAAA ABCD ABCD ABCD ABCD E019","4.69","1414133535268347","1","0","924.375","-43","6.0254765348148","345.234375",""
"AAAA ABCD ABCD ABCD ABCD E019","4.38","1414133535294541","1","0","924.375","-42.5","0.423378697456437","24.2578125",""
"AAAA ABCD ABCD ABCD ABCD E019","4.06","1414133535329505","1","0","924.375","-42","1.15355355249","66.09375",""
"AAAA ABCD ABCD ABCD ABCD E019","4.69","1414133535361846","1","0","924.375","-42","1.92667986958437","110.390625",""
"AAAA ABCD ABCD ABCD ABCD E019","4.38","1414133535388069","1","0","924.375","-41.5","5.7800396087531","331.171875",""
"AAAA ABCD ABCD ABCD ABCD E019","3.50","1414133535410635","1","0","924.375","-41","0.134990309333936","7.734375",""
"AAAA ABCD ABCD ABCD ABCD E019","5.00","1414133535437332","1","0","924.375","-40","3.95767043274495","226.7578125",""
"AAAA ABCD ABCD ABCD ABCD E019","2.56","1414133535470387","1","0","924.375","-39.5","4.77374821190012","273.515625",""
"AAAA ABCD ABCD ABCD ABCD E019","4.88","1414133535498614","1","0","924.375","-39.5","2.39914595225314","137.4609375",""
"AAAA ABCD ABCD ABCD ABCD E019","2.88","1414133535523585","1","0","924.375","-39","6.16046684414874","352.96875",""
"AAAA ABCD ABCD ABCD ABCD E019","2.88","1414133535546770","1","0","924.375","-39","0.362019465941011","20.7421875",""
"AAAA ABCD ABCD ABCD ABCD E019","3.81","1414133535580336","1","0","924.375","-38.5","4.43627243856527","254.1796875",""
"AAAA ABCD ABCD ABCD ABCD E019","4.69","1414133535597869","1","0","924.375","-38.5","1.76100994449272","100.8984375",""
"AAAA ABCD ABCD ABCD ABCD E019","3.50","1414133535635738","1","0","924.375","-39.5","5.99479691905709","343.4765625",""
"AAAA ABCD ABCD ABCD ABCD E019","3.50","1414133535659918","1","0","924.375","-39.5","0.466330159517235","26.71875",""
"AAAA ABCD ABCD ABCD ABCD E019","5.31","1414133535683299","1","0","924.375","-39.5","1.15968947564154","66.4453125",""
"AAAA ABCD ABCD ABCD ABCD E019","5.63","1414133535714773","1","0","924.375","-40","5.10508806208341","292.5",""
"AAAA ABCD ABCD ABCD ABCD E019","3.81","1414133535746559","1","0","924.375","-39.5","5.81071922451081","332.9296875",""
"AAAA ABCD ABCD ABCD ABCD E019","2.44","1414133535772523","1","0","924.375","-39.5","0.122718463030851","7.03125",""
"AAAA ABCD ABCD ABCD ABCD E019","2.88","1414133535795981","1","0","924.375","-39","0.650407854063512","37.265625",""
"AAAA ABCD ABCD ABCD ABCD E019","4.06","1414133535828758","1","0","924.375","-38.5","4.5835345942023","262.6171875",""
"AAAA ABCD ABCD ABCD ABCD E019","4.38","1414133535856666","1","0","924.375","-38.5","5.20939875565964","298.4765625",""
"AAAA ABCD ABCD ABCD ABCD E019","3.50","1414133535882568","1","0","924.375","-37.5","5.6941366846315","326.25",""
"AAAA ABCD ABCD ABCD ABCD E019","1.81","1414133535917775","1","0","924.375","-36.5","6.05002022742097","346.640625",""
"AAAA ABCD ABCD ABCD ABCD E019","2.88","1414133535935304","1","0","924.375","-36.5","6.19728238305799","355.078125",""
"AAAA ABCD ABCD ABCD ABCD E019","4.06","1414133535973723","1","0","924.375","-36.5","0.368155389092554","21.09375",""
"AAAA ABCD ABCD ABCD ABCD E019","2.56","1414133535998256","1","0","924.375","-36","0.74244670133665","42.5390625",""
"AAAA ABCD ABCD ABCD ABCD E019","3.81","1414133536026526","1","0","924.375","-36","1.06765062836841","61.171875",""
"AAAA ABCD ABCD ABCD ABCD E019","2.25","1414133536053025","1","0","924.375","-36","1.41126232485479","80.859375",""
"AAAA ABCD ABCD ABCD ABCD E019","3.19","1414133536090247","1","0","924.375","-36","4.90873852123405","281.25",""
"AAAA ABCD ABCD ABCD ABCD E019","2.56","1414133536109979","1","0","924.375","-36","5.02532106111336","287.9296875",""
"AAAA ABCD ABCD ABCD ABCD E019","3.19","1414133536141525","1","0","924.375","-36","5.18485506305347","297.0703125",""
"AAAA ABCD ABCD ABCD ABCD E019","1.19","1414133536170299","1","0","924.375","-35.5","5.25235021772044","300.9375",""
"AAAA ABCD ABCD ABCD ABCD E019","2.44","1414133536193039","1","0","924.375","-35.5","5.25848614087198","301.2890625",""
"AAAA ABCD ABCD ABCD ABCD E019","2.13","1414133536222464","1","0","924.375","-35.5","5.29530167978123","303.3984375",""
"AAAA ABCD ABCD ABCD ABCD E019","2.56","1414133536260049","1","0","924.375","-35.5","5.28302983347815","302.6953125",""
"AAAA ABCD ABCD ABCD ABCD E019","1.50","1414133536284245","1","0","924.375","-35.5","5.23394244826581","299.8828125",""
"AAAA ABCD ABCD ABCD ABCD E019","1.81","1414133536314314","1","0","924.375","-36","5.19099098620501","297.421875",""
"AAAA ABCD ABCD ABCD ABCD E019","1.81","1414133536332689","1","0","924.375","-36.5","5.12963175468958","293.90625",""
"AAAA ABCD ABCD ABCD ABCD E019","2.56","1414133536371860","1","0","924.375","-39","5.05600067687107","289.6875",""
"AAAA ABCD ABCD ABCD ABCD E019","0.88","1414133536390591","1","0","924.375","-38.5","5.27689391032661","302.34375",""
"AAAA ABCD ABCD ABCD ABCD E019","1.81","1414133536423665","1","0","924.375","-37","5.60209783735836","320.9765625",""
"AAAA ABCD ABCD ABCD ABCD E019","1.50","1414133536441913","1","0","924.375","-36","5.73095222354076","328.359375",""
"AAAA ABCD ABCD ABCD ABCD E019","0.25","1414133536476758","1","0","924.375","-35","5.7800396087531","331.171875",""
"AAAA ABCD ABCD ABCD ABCD E019","2.44","1414133536504152","1","0","924.375","-37.5","5.71254445408613","327.3046875",""
"AAAA ABCD ABCD ABCD ABCD E019","0.56","1414133536532720","1","0","924.375","-40","5.46710752802443","313.2421875",""
"AAAA ABCD ABCD ABCD ABCD E019","3.81","1414133536561398","1","0","924.375","-41","5.41802014281208","310.4296875",""
"AAAA ABCD ABCD ABCD ABCD E019","0.00","1414133536597317","1","0","924.375","-38","5.88435030232932","337.1484375",""
"AAAA ABCD ABCD ABCD ABCD E019","2.88","1414133536619805","1","0","924.375","-36.5","6.16660276730028","353.3203125",""
"AAAA ABCD ABCD ABCD ABCD E019","2.13","1414133536654929","1","0","924.375","-35","0.184077694546277","10.546875",""
"AAAA ABCD ABCD ABCD ABCD E019","2.44","1414133536673083","1","0","924.375","-35","0.202485464000905","11.6015625",""
"AAAA ABCD ABCD ABCD ABCD E019","1.81","1414133536707572","1","0","924.375","-36","0.110446616727766","6.328125",""
"AAAA ABCD ABCD ABCD ABCD E019","1.19","1414133536729813","1","0","924.375","-36.5","0.128854386182394","7.3828125",""
"AAAA ABCD ABCD ABCD ABCD E019","0.88","1414133536760042","1","0","924.375","-36.5","0.319068003880213","18.28125",""
"AAAA ABCD ABCD ABCD ABCD E019","0.88","1414133536788408","1","0","924.375","-36","0.398835004850267","22.8515625",""
"AAAA ABCD ABCD ABCD ABCD E019","1.81","1414133536815611","1","0","924.375","-36","0.386563158547182","22.1484375",""
"AAAA ABCD ABCD ABCD ABCD E019","2.44","1414133536843610","1","0","924.375","-36.5","0.380427235395639","21.796875",""
"AAAA ABCD ABCD ABCD ABCD E019","1.81","1414133536869056","1","0","924.375","-36.5","0.417242774304894","23.90625",""
"AAAA ABCD ABCD ABCD ABCD E019","0.56","1414133536898899","1","0","924.375","-36","0.466330159517235","26.71875",""
"AAAA ABCD ABCD ABCD ABCD E019","3.50","1414133536929915","1","0","924.375","-36","0.47860200582032","27.421875",""
"AAAA ABCD ABCD ABCD ABCD E019","1.81","1414133536955054","1","0","924.375","-36","0.515417544729575","29.53125",""
"AAAA ABCD ABCD ABCD ABCD E019","0.56","1414133536977506","1","0","924.375","-36","0.515417544729575","29.53125",""
"AAAA ABCD ABCD ABCD ABCD E019","0.25","1414133537011506","1","0","924.375","-36.5","0.472466082668777","27.0703125",""
"AAAA ABCD ABCD ABCD ABCD E019","2.44","1414133537049270","1","0","924.375","-36.5","0.42951462060798","24.609375",""
"AAAA ABCD ABCD ABCD ABCD E019","1.50","1414133537076321","1","0","924.375","-36.5","0.447922390062607","25.6640625",""
"AAAA ABCD ABCD ABCD ABCD E019","0.88","1414133537104960","1","0","924.375","-36.5","0.460194236365692","26.3671875",""
"AAAA ABCD ABCD ABCD ABCD E019","1.81","1414133537125245","1","0","924.375","-36.5","0.45405831321415","26.015625",""
"AAAA ABCD ABCD ABCD ABCD E019","2.44","1414133537156162","1","0","924.375","-36.5","0.423378697456437","24.2578125",""
"AAAA ABCD ABCD ABCD ABCD E019","1.19","1414133537177969","1","0","924.375","-36.5","0.392699081698724","22.5",""
"AAAA ABCD ABCD ABCD ABCD E019","1.50","1414133537215404","1","0","924.375","-36.5","0.325203927031756","18.6328125",""
"AAAA ABCD ABCD ABCD ABCD E019","1.50","1414133537241380","1","0","924.375","-36","0.306796157577128","17.578125",""
"AAAA ABCD ABCD ABCD ABCD E019","0.25","1414133537271627","1","0","924.375","-36","3.5036121195308","200.7421875",""
"AAAA ABCD ABCD ABCD ABCD E019","1.50","1414133537295552","1","0","924.375","-36","0.288388388122501","16.5234375",""
"AAAA ABCD ABCD ABCD ABCD E019","3.19","1414133537328678","1","0","924.375","-36.5","0.21475731030399","12.3046875",""
"AAAA ABCD ABCD ABCD ABCD E019","0.88","1414133537347197","1","0","924.375","-36","0.21475731030399","12.3046875",""
"AAAA ABCD ABCD ABCD ABCD E019","2.13","1414133537386194","1","0","924.375","-35.5","0.208621387152447","11.953125",""
"AAAA ABCD ABCD ABCD ABCD E019","3.50","1414133537409474","1","0","924.375","-35.5","0.190213617697819","10.8984375",""
"AAAA ABCD ABCD ABCD ABCD E019","0.00","1414133537446173","1","0","924.375","-36","0.184077694546277","10.546875",""
"AAAA ABCD ABCD ABCD ABCD E019","1.81","1414133537474227","1","0","924.375","-36","0.147262155637022","8.4375",""
"AAAA ABCD ABCD ABCD ABCD E019","1.50","1414133537500776","1","0","924.375","-36","0.177941771394734","10.1953125",""
"AAAA ABCD ABCD ABCD ABCD E019","2.44","1414133537525843","1","0","924.375","-36.5","0.165669925091649","9.4921875",""
"AAAA ABCD ABCD ABCD ABCD E019","1.50","1414133537561271","1","0","924.375","-36.5","0.165669925091649","9.4921875",""
"AAAA ABCD ABCD ABCD ABCD E019","2.56","1414133537583366","1","0","924.375","-36.5","0.153398078788564","8.7890625",""
"AAAA ABCD ABCD ABCD ABCD E019","2.44","1414133537621800","1","0","924.375","-36.5","0.141126232485479","8.0859375",""
"AAAA ABCD ABCD ABCD ABCD E019","1.50","1414133537642735","1","0","924.375","-36.5","0.104310693576224","5.9765625",""
"AAAA ABCD ABCD ABCD ABCD E019","2.13","1414133537670772","1","0","924.375","-36.5","0.0552233083638831","3.1640625",""
"AAAA ABCD ABCD ABCD ABCD E019","0.88","1414133537693858","1","0","924.375","-36.5","0.042951462060798","2.4609375",""
"AAAA ABCD ABCD ABCD ABCD E019","0.00","1414133537731512","1","0","924.375","-36.5","6.23409792196725","357.1875",""
"AAAA ABCD ABCD ABCD ABCD E019","1.81","1414133537753747","1","0","924.375","-36.5","6.16046684414874","352.96875",""
"AAAA ABCD ABCD ABCD ABCD E019","1.19","1414133537782694","1","0","924.375","-36","6.10524353578485","349.8046875",""
"AAAA ABCD ABCD ABCD ABCD E019","0.56","1414133537809975","1","0","924.375","-36","6.12365130523948","350.859375",""
"AAAA ABCD ABCD ABCD ABCD E019","1.81","1414133537834615","1","0","924.375","-36","6.16660276730028","353.3203125",""
"AAAA ABCD ABCD ABCD ABCD E019","1.81","1414133537865422","1","0","924.375","-36.5","6.13592315154256","351.5625",""
"AAAA ABCD ABCD ABCD ABCD E019","1.81","1414133537897087","1","0","924.375","-36.5","6.09297168948177","349.1015625",""
"AAAA ABCD ABCD ABCD ABCD E019","1.19","1414133537923775","1","0","924.375","-36.5","6.08683576633022","348.75",""
"AAAA ABCD ABCD ABCD ABCD E019","1.19","1414133537944871","1","0","924.375","-36.5","6.08683576633022","348.75",""
"AAAA ABCD ABCD ABCD ABCD E019","2.13","1414133537970648","1","0","924.375","-36.5","6.08683576633022","348.75",""
"AAAA ABCD ABCD ABCD ABCD E019","1.81","1414133537999916","1","0","924.375","-36.5","6.06229207372405","347.34375",""
"AAAA ABCD ABCD ABCD ABCD E019","1.50","1414133538029283","1","0","924.375","-36.5","6.06229207372405","347.34375",""
"AAAA ABCD ABCD ABCD ABCD E019","1.81","1414133538064866","1","0","924.375","-37","6.09910761263331","349.453125",""
"AAAA ABCD ABCD ABCD ABCD E019","2.56","1414133538085121","1","0","924.375","-36.5","6.09910761263331","349.453125",""
"AAAA ABCD ABCD ABCD ABCD E019","1.19","1414133538110910","1","0","924.375","-36.5","6.11137945893639","350.15625",""
"AAAA ABCD ABCD ABCD ABCD E019","1.19","1414133538143729","1","0","924.375","-36.5","6.11751538208794","350.5078125",""
"AAAA ABCD ABCD ABCD ABCD E019","1.81","1414133538175398","1","0","924.375","-37","6.11751538208794","350.5078125",""
"AAAA ABCD ABCD ABCD ABCD E019","1.81","1414133538191532","1","0","924.375","-37","6.11137945893639","350.15625",""
"AAAA ABCD ABCD ABCD ABCD E019","2.13","1414133538227543","1","0","924.375","-37","6.09297168948177","349.1015625",""
"AAAA ABCD ABCD ABCD ABCD E019","1.81","1414133538253557","1","0","924.375","-37","6.0684279968756","347.6953125",""
"AAAA ABCD ABCD ABCD ABCD E019","0.56","1414133538286449","1","0","924.375","-36.5","6.04388430426943","346.2890625",""
"AAAA ABCD ABCD ABCD ABCD E019","0.88","1414133538309395","1","0","924.375","-37","6.0254765348148","345.234375",""
"AAAA ABCD ABCD ABCD ABCD E019","1.81","1414133538338726","1","0","924.375","-37","6.00706876536017","344.1796875",""
"AAAA ABCD ABCD ABCD ABCD E019","2.13","1414133538366119","1","0","924.375","-37","6.01934061166326","344.8828125",""
"AAAA ABCD ABCD ABCD ABCD E019","0.88","1414133538393980","1","0","924.375","-37","6.00093284220863","343.828125",""
"AAAA ABCD ABCD ABCD ABCD E019","2.44","1414133538414854","1","0","924.375","-37","5.98866099590554","343.125",""
"AAAA ABCD ABCD ABCD ABCD E019","2.13","1414133538447360","1","0","924.375","-37","5.95798138014783","341.3671875",""
"AAAA ABCD ABCD ABCD ABCD E019","1.50","1414133538471732","1","0","924.375","-37","5.9395736106932","340.3125",""
"AAAA ABCD ABCD ABCD ABCD E019","1.63","1414133538505998","1","0","924.375","-37","5.95184545699629","341.015625",""
"AAAA ABCD ABCD ABCD ABCD E019","2.13","1414133538527133","1","0","924.375","-37","5.93343768754166","339.9609375",""
"AAAA ABCD ABCD ABCD ABCD E019","2.56","1414133538557411","1","0","924.375","-37","5.91502991808703","338.90625",""
"AAAA ABCD ABCD ABCD ABCD E019","1.50","1414133538583261","1","0","924.375","-37","5.90889399493549","338.5546875",""
"AAAA ABCD ABCD ABCD ABCD E019","2.13","1414133538619667","1","0","924.375","-37","5.8966221486324","337.8515625",""
"AAAA ABCD ABCD ABCD ABCD E019","2.56","1414133538644736","1","0","924.375","-37","5.89048622548086","337.5",""
"AAAA ABCD ABCD ABCD ABCD E019","0.88","1414133538674813","1","0","924.375","-37","5.90275807178395","338.203125",""
"AAAA ABCD ABCD ABCD ABCD E019","1.19","1414133538693719","1","0","924.375","-37","5.89048622548086","337.5",""
"AAAA ABCD ABCD ABCD ABCD E019","2.88","1414133538732564","1","0","924.375","-37","5.87207845602623","336.4453125",""
"AAAA ABCD ABCD ABCD ABCD E019","3.19","1414133538748040","1","0","924.375","-37","5.87821437917778","336.796875",""
"AAAA ABCD ABCD ABCD ABCD E019","2.88","1414133538787347","1","0","924.375","-37","5.88435030232932","337.1484375",""
"AAAA ABCD ABCD ABCD ABCD E019","2.56","1414133538814608","1","0","924.375","-37","5.88435030232932","337.1484375",""
"AAAA ABCD ABCD ABCD ABCD E019","4.06","1414133538841892","1","0","924.375","-37","5.85980660972315","335.7421875",""
"AAAA ABCD ABCD ABCD ABCD E019","1.19","1414133538869216","1","0","924.375","-37","5.90889399493549","338.5546875",""
"AAAA ABCD ABCD ABCD ABCD E019","2.44","1414133538895812","1","0","924.375","-37","5.92116584123858","339.2578125",""
"AAAA ABCD ABCD ABCD ABCD E019","1.81","1414133538916686","1","0","924.375","-37","5.90889399493549","338.5546875",""
"AAAA ABCD ABCD ABCD ABCD E019","1.50","1414133538952697","1","0","924.375","-37","5.93343768754166","339.9609375",""
"AAAA ABCD ABCD ABCD ABCD E019","2.13","1414133538985405","1","0","924.375","-37","5.9395736106932","340.3125",""
"AAAA ABCD ABCD ABCD ABCD E019","2.88","1414133539016188","1","0","924.375","-37","5.97025322645092","342.0703125",""
"AAAA ABCD ABCD ABCD ABCD E019","2.44","1414133539040616","1","0","924.375","-37","5.982525072754","342.7734375",""
"AAAA ABCD ABCD ABCD ABCD E019","2.88","1414133539075628","1","0","924.375","-36.5","5.982525072754","342.7734375",""
"AAAA ABCD ABCD ABCD ABCD E019","2.56","1414133539093904","1","0","924.375","-36.5","5.982525072754","342.7734375",""
"AAAA ABCD ABCD ABCD ABCD E019","2.56","1414133539125914","1","0","924.375","-37","6.00706876536017","344.1796875",""
"AAAA ABCD ABCD ABCD ABCD E019","2.88","1414133539148232","1","0","924.375","-37","6.01934061166326","344.8828125",""
"AAAA ABCD ABCD ABCD ABCD E019","2.56","1414133539177667","1","0","924.375","-37","6.05615615057251","346.9921875",""
"AAAA ABCD ABCD ABCD ABCD E019","2.56","1414133539201984","1","0","924.375","-37","6.07456392002714","348.046875",""
"AAAA ABCD ABCD ABCD ABCD E019","1.50","1414133539238189","1","0","924.375","-36.5","6.11137945893639","350.15625",""
"AAAA ABCD ABCD ABCD ABCD E019","3.50","1414133539261205","1","0","924.375","-36.5","6.09910761263331","349.453125",""
"AAAA ABCD ABCD ABCD ABCD E019","1.50","1414133539285250","1","0","924.375","-36.5","6.12978722839102","351.2109375",""
"AAAA ABCD ABCD ABCD ABCD E019","1.50","1414133539311041","1","0","924.375","-36.5","6.16660276730028","353.3203125",""
"AAAA ABCD ABCD ABCD ABCD E019","2.44","1414133539344677","1","0","924.375","-36.5","6.18501053675491","354.375",""
"AAAA ABCD ABCD ABCD ABCD E019","1.19","1414133539365564","1","0","924.375","-36.5","6.19728238305799","355.078125",""
"AAAA ABCD ABCD ABCD ABCD E019","1.50","1414133539403855","1","0","924.375","-36.5","6.2279619988157","356.8359375",""
"AAAA ABCD ABCD ABCD ABCD E019","0.88","1414133539425624","1","0","924.375","-36.5","6.2279619988157","356.8359375",""
"AAAA ABCD ABCD ABCD ABCD E019","2.44","1414133539458518","1","0","924.375","-36.5","6.24636976827033","357.890625",""
"AAAA ABCD ABCD ABCD ABCD E019","1.19","1414133539477482","1","0","924.375","-36.5","6.25250569142187","358.2421875",""
"AAAA ABCD ABCD ABCD ABCD E019","1.50","1414133539509115","1","0","924.375","-36.5","0","0",""
"AAAA ABCD ABCD ABCD ABCD E019","1.50","1414133539539260","1","0","924.375","-36.5","0.0122718463030851","0.703125",""
"AAAA ABCD ABCD ABCD ABCD E019","1.81","1414133539567744","1","0","924.375","-36.5","0.0184077694546277","1.0546875",""
"AAAA ABCD ABCD ABCD ABCD E019","2.56","1414133539592927","1","0","924.375","-36.5","0.042951462060798","2.4609375",""
"AAAA ABCD ABCD ABCD ABCD E019","1.81","1414133539625349","1","0","924.375","-36.5","0.0490873852123405","2.8125",""
"AAAA ABCD ABCD ABCD ABCD E019","2.44","1414133539650852","1","0","924.375","-36.5","0.0859029241215959","4.921875",""
"AAAA ABCD ABCD ABCD ABCD E019","1.19","1414133539675366","1","0","924.375","-36.5","0.110446616727766","6.328125",""
"AAAA ABCD ABCD ABCD ABCD E019","0.00","1414133539704170","1","0","924.375","-36.5","0.147262155637022","8.4375",""
"AAAA ABCD ABCD ABCD ABCD E019","1.81","1414133539736323","1","0","924.375","-36.5","0.141126232485479","8.0859375",""
"AAAA ABCD ABCD ABCD ABCD E019","2.25","1414133539753757","1","0","924.375","-36","0.147262155637022","8.4375",""
"AAAA ABCD ABCD ABCD ABCD E019","1.81","1414133539787329","1","0","924.375","-36.5","0.171805848243192","9.84375",""
"AAAA ABCD ABCD ABCD ABCD E019","0.88","1414133539815212","1","0","924.375","-36.5","0.196349540849362","11.25",""
"AAAA ABCD ABCD ABCD ABCD E019","1.50","1414133539848913","1","0","924.375","-36.5","0.177941771394734","10.1953125",""
"AAAA ABCD ABCD ABCD ABCD E019","2.13","1414133539865075","1","0","924.375","-36.5","0.196349540849362","11.25",""
"AAAA ABCD ABCD ABCD ABCD E019","2.56","1414133539894608","1","0","924.375","-36.5","0.177941771394734","10.1953125",""
"AAAA ABCD ABCD ABCD ABCD E019","2.56","1414133539927293","1","0","924.375","-36.5","0.184077694546277","10.546875",""
"AAAA ABCD ABCD ABCD ABCD E019","2.13","1414133539960261","1","0","924.375","-36.5","0.202485464000905","11.6015625",""
"AAAA ABCD ABCD ABCD ABCD E019","2.56","1414133539974494","1","0","924.375","-36.5","0.196349540849362","11.25",""
"AAAA ABCD ABCD ABCD ABCD E019","2.13","1414133540017641","1","0","924.375","-36.5","0.196349540849362","11.25",""
"AAAA ABCD ABCD ABCD ABCD E019","2.13","1414133540038524","1","0","924.375","-36.5","0.177941771394734","10.1953125",""
"AAAA ABCD ABCD ABCD ABCD E019","1.50","1414133540067050","1","0","924.375","-36.5","0.202485464000905","11.6015625",""
"AAAA ABCD ABCD ABCD ABCD E019","0.00","1414133540097135","1","0","924.375","-36.5","0.202485464000905","11.6015625",""
"AAAA ABCD ABCD ABCD ABCD E019","0.88","1414133540128479","1","0","924.375","-36.5","0.202485464000905","11.6015625",""
"AAAA ABCD ABCD ABCD ABCD E019","1.50","1414133540147967","1","0","924.375","-36.5","0.177941771394734","10.1953125",""
"AAAA ABCD ABCD ABCD ABCD E019","1.50","1414133540183900","1","0","924.375","-36.5","0.147262155637022","8.4375",""
"AAAA ABCD ABCD ABCD ABCD E019","1.50","1414133540197891","1","0","924.375","-36.5","0.147262155637022","8.4375",""
"AAAA ABCD ABCD ABCD ABCD E019","1.19","1414133540241083","1","0","924.375","-36.5","0.0920388472731385","5.2734375",""
"AAAA ABCD ABCD ABCD ABCD E019","0.56","1414133540258463","1","0","924.375","-36.5","0.116582539879309","6.6796875",""
"AAAA ABCD ABCD ABCD ABCD E019","1.50","1414133540294614","1","0","924.375","-36.5","0.0490873852123405","2.8125",""
"AAAA ABCD ABCD ABCD ABCD E019","1.50","1414133540317758","1","0","924.375","-36.5","0.0245436926061703","1.40625",""
"AAAA ABCD ABCD ABCD ABCD E019","0.56","1414133540351475","1","0","924.375","-36.5","0","0",""
"AAAA ABCD ABCD ABCD ABCD E019","2.13","1414133540370979","1","0","924.375","-36.5","6.23409792196725","357.1875",""
"AAAA ABCD ABCD ABCD ABCD E019","2.56","1414133540408812","1","0","924.375","-36.5","6.19728238305799","355.078125",""
"AAAA ABCD ABCD ABCD ABCD E019","0.25","1414133540429615","1","0","924.375","-36.5","6.18501053675491","354.375",""
"AAAA ABCD ABCD ABCD ABCD E019","1.19","1414133540459658","1","0","924.375","-36.5","6.14819499784565","352.265625",""
"AAAA ABCD ABCD ABCD ABCD E019","2.56","1414133540485492","1","0","924.375","-36.5","6.12978722839102","351.2109375",""
"AAAA ABCD ABCD ABCD ABCD E019","1.19","1414133540520438","1","0","924.375","-37","6.17273869045182","353.671875",""
"AAAA ABCD ABCD ABCD ABCD E019","2.88","1414133540540052","1","0","924.375","-36.5","6.18501053675491","354.375",""
"AAAA ABCD ABCD ABCD ABCD E019","0.00","1414133540563343","1","0","924.375","-36.5","6.20955422936108","355.78125",""
"AAAA ABCD ABCD ABCD ABCD E019","0.25","1414133540586340","1","0","924.375","-36.5","6.20955422936108","355.78125",""
"AAAA ABCD ABCD ABCD ABCD E019","1.19","1414133540624548","1","0","924.375","-36.5","6.18501053675491","354.375",""
"AAAA ABCD ABCD ABCD ABCD E019","0.56","1414133540645721","1","0","924.375","-36.5","6.20955422936108","355.78125",""
"AAAA ABCD ABCD ABCD ABCD E019","1.81","1414133540680011","1","0","924.375","-36.5","6.20341830620953","355.4296875",""
"AAAA ABCD ABCD ABCD ABCD E019","0.56","1414133540709600","1","0","924.375","-36.5","6.24023384511879","357.5390625",""
"AAAA ABCD ABCD ABCD ABCD E019","1.19","1414133540736240","1","0","924.375","-36.5","6.2279619988157","356.8359375",""
"AAAA ABCD ABCD ABCD ABCD E019","2.44","1414133540754989","1","0","924.375","-36.5","6.22182607566416","356.484375",""
"AAAA ABCD ABCD ABCD ABCD E019","1.81","1414133540786611","1","0","924.375","-37","6.20955422936108","355.78125",""
"AAAA ABCD ABCD ABCD ABCD E019","1.50","1414133540811905","1","0","924.375","-37","6.20955422936108","355.78125",""
"AAAA ABCD ABCD ABCD ABCD E019","0.56","1414133540851767","1","0","924.375","-37","6.19728238305799","355.078125",""
"AAAA ABCD ABCD ABCD ABCD E019","1.50","1414133540877796","1","0","924.375","-37","6.17887461360336","354.0234375",""
"AAAA ABCD ABCD ABCD ABCD E019","2.56","1414133540909294","1","0","924.375","-37","6.16046684414874","352.96875",""
"AAAA ABCD ABCD ABCD ABCD E019","2.56","1414133540940130","1","0","924.375","-37","6.16660276730028","353.3203125",""
"AAAA ABCD ABCD ABCD ABCD E019","1.50","1414133540963937","1","0","924.375","-37","6.16660276730028","353.3203125",""
"AAAA ABCD ABCD ABCD ABCD E019","2.44","1414133540995374","1","0","924.375","-37","6.14205907469411","351.9140625",""
"AAAA ABCD ABCD ABCD ABCD E019","2.13","1414133541024886","1","0","924.375","-37","6.11137945893639","350.15625",""
"AAAA ABCD ABCD ABCD ABCD E019","0.88","1414133541043771","1","0","924.375","-37","6.09910761263331","349.453125",""
"AAAA ABCD ABCD ABCD ABCD E019","2.13","1414133541079285","1","0","924.375","-36.5","6.05002022742097","346.640625",""
"AAAA ABCD ABCD ABCD ABCD E019","0.88","1414133541100923","1","0","924.375","-36.5","6.0254765348148","345.234375",""
"AAAA ABCD ABCD ABCD ABCD E019","0.88","1414133541135256","1","0","924.375","-36.5","6.01320468851171","344.53125",""
"AAAA ABCD ABCD ABCD ABCD E019","1.81","1414133541151508","1","0","924.375","-36.5","6.00706876536017","344.1796875",""
